{
	"info": {
		"_postman_id": "135de99d-75c8-452e-9acb-10e3f735b5df",
		"name": "Coleccion API",
		"schema": "https://schema.getpostman.com/json/collection/v2.1.0/collection.json",
		"_exporter_id": "40115727"
	},
	"item": [
		{
			"name": "http://localhost/api/index.php",
			"request": {
				"method": "POST",
				"header": [],
				"body": {
					"mode": "raw",
					"raw": "{\r\n    \"action\": \"register\",\r\n    \"username\": \"Gmerino\",\r\n    \"password\": \"GM@123**\"\r\n}",
					"options": {
						"raw": {
							"language": "json"
						}
					}
				},
				"url": {
					"raw": "http://localhost/api/index.php",
					"protocol": "http",
					"host": [
						"localhost"
					],
					"path": [
						"api",
						"index.php"
					]
				}
			},
			"response": []
		}
	]
}